title,price_inr,availability,rating
A Light in the Attic,₹5177.00,In stock,3
Tipping the Velvet,₹5374.00,In stock,1
Soumission,₹5010.00,In stock,1
Sharp Objects,₹4782.00,In stock,4
Sapiens: A Brief History of Humankind,₹5423.00,In stock,5
The Requiem Red,₹2265.00,In stock,1
The Dirty Little Secrets of Getting Your Dream Job,₹3334.00,In stock,4
"The Coming Woman: A Novel Based on the Life of the Infamous Feminist, Victoria Woodhull",₹1793.00,In stock,3
The Boys in the Boat: Nine Americans and Their Epic Quest for Gold at the 1936 Berlin Olympics,₹2260.00,In stock,4
The Black Maria,₹5215.00,In stock,1
"Starving Hearts (Triangular Trade Trilogy, #1)",₹1399.00,In stock,2
Shakespeare's Sonnets,₹2066.00,In stock,4
Set Me Free,₹1746.00,In stock,5
Scott Pilgrim's Precious Little Life (Scott Pilgrim #1),₹5229.00,In stock,5
Rip it Up and Start Again,₹3502.00,In stock,5
"Our Band Could Be Your Life: Scenes from the American Indie Underground, 1981-1991",₹5725.00,In stock,3
Olio,₹2388.00,In stock,1
Mesaerion: The Best Science Fiction Stories 1800-1849,₹3759.00,In stock,1
Libertarianism for Beginners,₹5133.00,In stock,2
It's Only the Himalayas,₹4517.00,In stock,2
In Her Wake,₹1284.00,In stock,1
How Music Works,₹3732.00,In stock,2
"Foolproof Preserving: A Guide to Small Batch Jams, Jellies, Pickles, Condiments, and More: A Foolproof Guide to Making Small Batch Jams, Jellies, Pickles, Condiments, and More",₹3052.00,In stock,3
Chase Me (Paris Nights #2),₹2527.00,In stock,5
Black Dust,₹3453.00,In stock,5
Birdsong: A Story in Pictures,₹5464.00,In stock,3
America's Cradle of Quarterbacks: Western Pennsylvania's Football Factory from Johnny Unitas to Joe Montana,₹2250.00,In stock,3
Aladdin and His Wonderful Lamp,₹5313.00,In stock,3
Worlds Elsewhere: Journeys Around Shakespeareâs Globe,₹4030.00,In stock,5
Wall and Piece,₹4418.00,In stock,4
The Four Agreements: A Practical Guide to Personal Freedom,₹1766.00,In stock,5
The Five Love Languages: How to Express Heartfelt Commitment to Your Mate,₹3105.00,In stock,3
The Elephant Tree,₹2382.00,In stock,5
The Bear and the Piano,₹3689.00,In stock,1
Sophie's World,₹1594.00,In stock,5
Penny Maybe,₹3329.00,In stock,3
Maude (1883-1993):She Grew Up with the country,₹1802.00,In stock,2
"In a Dark, Dark Wood",₹1963.00,In stock,1
Behind Closed Doors,₹5222.00,In stock,4
You can't bury them all: Poems,₹3363.00,In stock,2
Slow States of Collapse: Poems,₹5731.00,In stock,3
Reasons to Stay Alive,₹2641.00,In stock,2
Private Paris (Private #10),₹4761.00,In stock,5
#HigherSelfie: Wake Up Your Life. Free Your Soul. Find Your Tribe.,₹2311.00,In stock,5
Without Borders (Wanderlove #1),₹4507.00,In stock,2
When We Collided,₹3177.00,In stock,1
"We Love You, Charlie Freeman",₹5027.00,In stock,5
Untitled Collection: Sabbath Poems 2014,₹1427.00,In stock,4
"Unseen City: The Majesty of Pigeons, the Discreet Charm of Snails & Other Wonders of the Urban Wilderness",₹4418.00,In stock,4
Unicorn Tracks,₹1878.00,In stock,3
"Unbound: How Eight Technologies Made Us Human, Transformed Society, and Brought Our World to the Brink",₹2552.00,In stock,1
Tsubasa: WoRLD CHRoNiCLE 2 (Tsubasa WoRLD CHRoNiCLE #2),₹1628.00,In stock,1
Throwing Rocks at the Google Bus: How Growth Became the Enemy of Prosperity,₹3112.00,In stock,3
This One Summer,₹1949.00,In stock,4
Thirst,₹1727.00,In stock,5
The Torch Is Passed: A Harding Family Story,₹1909.00,In stock,1
The Secret of Dreadwillow Carse,₹5613.00,In stock,1
"The Pioneer Woman Cooks: Dinnertime: Comfort Classics, Freezer Food, 16-Minute Meals, and Other Delicious Ways to Solve Supper!",₹5641.00,In stock,1
The Past Never Ends,₹5650.00,In stock,4
The Natural History of Us (The Fine Art of Pretending #2),₹4522.00,In stock,3
The Nameless City (The Nameless City #1),₹3816.00,In stock,4
The Murder That Never Was (Forensic Instincts #5),₹5411.00,In stock,3
The Most Perfect Thing: Inside (and Outside) a Bird's Egg,₹4296.00,In stock,4
"The Mindfulness and Acceptance Workbook for Anxiety: A Guide to Breaking Free from Anxiety, Phobias, and Worry Using Acceptance and Commitment Therapy",₹2389.00,In stock,4
The Life-Changing Magic of Tidying Up: The Japanese Art of Decluttering and Organizing,₹1677.00,In stock,3
"The Inefficiency Assassin: Time Management Tactics for Working Smarter, Not Longer",₹2059.00,In stock,5
The Gutsy Girl: Escapades for Your Life of Epic Adventure,₹3713.00,In stock,1
The Electric Pencil: Drawings from Inside State Hospital No. 3,₹5606.00,In stock,1
The Death of Humanity: and the Case for Life,₹5811.00,In stock,4
"The Bulletproof Diet: Lose up to a Pound a Day, Reclaim Energy and Focus, Upgrade Your Life",₹4905.00,In stock,3
The Art Forger,₹4076.00,In stock,3
The Age of Genius: The Seventeenth Century and the Birth of the Modern Mind,₹1973.00,In stock,1
The Activist's Tao Te Ching: Ancient Advice for a Modern Revolution,₹3224.00,In stock,5
Spark Joy: An Illustrated Master Class on the Art of Organizing and Tidying Up,₹4183.00,In stock,4
Soul Reader,₹3958.00,In stock,2
Security,₹3925.00,In stock,2
"Saga, Volume 6 (Saga (Collected Editions) #6)",₹2502.00,In stock,3
"Saga, Volume 5 (Saga (Collected Editions) #5)",₹5104.00,In stock,2
Reskilling America: Learning to Labor in the Twenty-First Century,₹1983.00,In stock,2
"Rat Queens, Vol. 3: Demons (Rat Queens (Collected Editions) #11-15)",₹5040.00,In stock,3
"Princess Jellyfish 2-in-1 Omnibus, Vol. 01 (Princess Jellyfish 2-in-1 Omnibus #1)",₹1361.00,In stock,5
Princess Between Worlds (Wide-Awake Princess #5),₹1334.00,In stock,5
"Pop Gun War, Volume 1: Gift",₹1897.00,In stock,1
"Political Suicide: Missteps, Peccadilloes, Bad Calls, Backroom Hijinx, Sordid Pasts, Rotten Breaks, and Just Plain Dumb Mistakes in the Annals of American Politics",₹3628.00,In stock,2
Patience,₹1016.00,In stock,3
"Outcast, Vol. 1: A Darkness Surrounds Him (Outcast #1)",₹1544.00,In stock,4
orange: The Complete Collection 1 (orange: The Complete Collection #1),₹4841.00,In stock,1
Online Marketing for Busy Authors: A Step-By-Step Guide,₹4635.00,In stock,1
On a Midnight Clear,₹1407.00,In stock,3
Obsidian (Lux #1),₹1486.00,In stock,2
My Paris Kitchen: Recipes and Stories,₹3337.00,In stock,2
Masks and Shadows,₹5640.00,In stock,2
"Mama Tried: Traditional Italian Cooking for the Screwed, Crude, Vegan, and Tattooed",₹1402.00,In stock,4
"Lumberjanes, Vol. 2: Friendship to the Max (Lumberjanes #5-8)",₹4691.00,In stock,2
"Lumberjanes, Vol. 1: Beware the Kitten Holy (Lumberjanes #1-4)",₹4561.00,In stock,3
Lumberjanes Vol. 3: A Terrible Plan (Lumberjanes #9-12),₹1992.00,In stock,2
"Layered: Baking, Building, and Styling Spectacular Cakes",₹4011.00,In stock,1
Judo: Seven Steps to Black Belt (an Introductory Guide for Beginners),₹5390.00,In stock,2
Join,₹3567.00,In stock,5
In the Country We Love: My Family Divided,₹2200.00,In stock,4
Immunity: How Elie Metchnikoff Changed the Course of Modern Medicine,₹5736.00,In stock,5
"I Hate Fairyland, Vol. 1: Madly Ever After (I Hate Fairyland (Compilations) #1-5)",₹2917.00,In stock,2
I am a Hero Omnibus Volume 1,₹5463.00,In stock,3
How to Be Miserable: 40 Strategies You Already Use,₹4603.00,In stock,1
Her Backup Boyfriend (The Sorensen Family #1),₹3397.00,In stock,1
"Giant Days, Vol. 2 (Giant Days #5-8)",₹2211.00,In stock,2
Forever and Forever: The Courtship of Henry Longfellow and Fanny Appleton,₹2969.00,In stock,3
First and First (Five Boroughs #3),₹1597.00,In stock,4
Fifty Shades Darker (Fifty Shades #2),₹2196.00,In stock,1
Everydata: The Misinformation Hidden in the Little Data You Consume Every Day,₹5435.00,In stock,2
"Don't Be a Jerk: And Other Practical Advice from Dogen, Japan's Greatest Zen Master",₹3797.00,In stock,2
Danganronpa Volume 1,₹5199.00,In stock,4
Crown of Midnight (Throne of Glass #2),₹4329.00,In stock,3
"Codename Baboushka, Volume 1: The Conclave of Death",₹3672.00,In stock,4
Camp Midnight,₹1708.00,In stock,4
Call the Nurse: True Stories of a Country Nurse on a Scottish Isle,₹2914.00,In stock,5
Burning,₹2881.00,In stock,3
Bossypants,₹4946.00,In stock,2
"Bitch Planet, Vol. 1: Extraordinary Machine (Bitch Planet (Collected Editions))",₹3792.00,In stock,2
"Avatar: The Last Airbender: Smoke and Shadow, Part 3 (Smoke and Shadow #3)",₹2809.00,In stock,2
Algorithms to Live By: The Computer Science of Human Decisions,₹3081.00,In stock,1
A World of Flavor: Your Gluten Free Passport,₹4295.00,In stock,1
"A Piece of Sky, a Grain of Rice: A Memoir in Four Meditations",₹5676.00,In stock,5
A Murder in Time,₹1664.00,In stock,1
A Flight of Arrows (The Pathfinders #2),₹5553.00,In stock,5
A Fierce and Subtle Poison,₹2813.00,In stock,4
A Court of Thorns and Roses (A Court of Thorns and Roses #1),₹5237.00,In stock,1
(Un)Qualified: How God Uses Broken People to Do Big Things,₹5400.00,In stock,5
You Are What You Love: The Spiritual Power of Habit,₹2187.00,In stock,4
"William Shakespeare's Star Wars: Verily, A New Hope (William Shakespeare's Star Wars #4)",₹4330.00,In stock,4
Tuesday Nights in 1980,₹2104.00,In stock,2
Tracing Numbers on a Train,₹4160.00,In stock,3
Throne of Glass (Throne of Glass #1),₹3507.00,In stock,3
Thomas Jefferson and the Tripoli Pirates: The Forgotten War That Changed American History,₹5964.00,In stock,1
Thirteen Reasons Why,₹5272.00,In stock,1
The White Cat and the Monk: A Retelling of the Poem âPangur BÃ¡nâ,₹5808.00,In stock,4
The Wedding Dress,₹2412.00,In stock,1
The Vacationers,₹4215.00,In stock,4
The Third Wave: An Entrepreneurâs Vision of the Future,₹1261.00,In stock,5
The Stranger,₹1744.00,In stock,4
The Shadow Hero (The Shadow Hero),₹3314.00,In stock,1
The Secret (The Secret #1),₹2737.00,In stock,4
The Regional Office Is Under Attack!,₹5136.00,In stock,5
The Psychopath Test: A Journey Through the Madness Industry,₹3600.00,In stock,2
The Project,₹1065.00,In stock,1
The Power of Now: A Guide to Spiritual Enlightenment,₹4354.00,In stock,2
The Omnivore's Dilemma: A Natural History of Four Meals,₹3821.00,In stock,2
The Nerdy Nummies Cookbook: Sweet Treats for the Geek in All of Us,₹3734.00,In stock,5
The Murder of Roger Ackroyd (Hercule Poirot #4),₹4410.00,In stock,4
The Mistake (Off-Campus #2),₹4329.00,In stock,3
The Matchmaker's Playbook (Wingmen Inc. #1),₹5585.00,In stock,1
The Love and Lemons Cookbook: An Apple-to-Zucchini Celebration of Impromptu Cooking,₹3760.00,In stock,2
The Long Shadow of Small Ghosts: Murder and Memory in an American City,₹1097.00,In stock,1
The Kite Runner,₹4182.00,In stock,4
The House by the Lake,₹3695.00,In stock,1
The Glittering Court (The Glittering Court #1),₹4428.00,In stock,1
The Girl on the Train,₹5502.00,In stock,2
The Genius of Birds,₹1724.00,In stock,1
The Emerald Mystery,₹2315.00,In stock,2
The Cookies & Cups Cookbook: 125+ sweet & savory recipes reminding you to Always Eat Dessert First,₹4125.00,In stock,1
The Bridge to Consciousness: I'm Writing the Bridge Between Science and Our Old and New Beliefs.,₹3200.00,In stock,3
The Artist's Way: A Spiritual Path to Higher Creativity,₹3849.00,In stock,5
The Art of War,₹3334.00,In stock,5
The Argonauts,₹1093.00,In stock,2
The 10% Entrepreneur: Live Your Startup Dream Without Quitting Your Day Job,₹2755.00,In stock,3
Suddenly in Love (Lake Haven #1),₹5599.00,In stock,2
Something More Than This,₹1624.00,In stock,4
Soft Apocalypse,₹2612.00,In stock,2
So You've Been Publicly Shamed,₹1223.00,In stock,2
Shoe Dog: A Memoir by the Creator of NIKE,₹2399.00,In stock,2
"Shobu Samurai, Project Aryoku (#3)",₹2906.00,In stock,3
Secrets and Lace (Fatal Hearts #1),₹2027.00,In stock,1
Scarlett Epstein Hates It Here,₹4355.00,In stock,5
Romero and Juliet: A Tragic Tale of Love and Zombies,₹3694.00,In stock,1
Redeeming Love,₹2047.00,In stock,5
Poses for Artists Volume 1 - Dynamic and Sitting Poses: An Essential Reference for Figure Drawing and the Human Form,₹4106.00,In stock,1
Poems That Make Grown Women Cry,₹1419.00,In stock,4
"Nightingale, Sing",₹3828.00,In stock,1
Night Sky with Exit Wounds,₹4105.00,In stock,1
Mrs. Houdini,₹3025.00,In stock,5
Modern Romance,₹2826.00,In stock,5
Miss Peregrineâs Home for Peculiar Children (Miss Peregrineâs Peculiar Children #1),₹1076.00,In stock,1
Louisa: The Extraordinary Life of Mrs. Adams,₹1685.00,In stock,2
Little Red,₹1347.00,In stock,3
Library of Souls (Miss Peregrineâs Peculiar Children #3),₹4856.00,In stock,5
Large Print Heart of the Pride,₹1915.00,In stock,2
I Had a Nice Time And Other Lies...: How to find love & sh*t like that,₹5736.00,In stock,4
Hollow City (Miss Peregrineâs Peculiar Children #2),₹4298.00,In stock,1
Grumbles,₹2216.00,In stock,2
Full Moon over Noahâs Ark: An Odyssey to Mount Ararat and Beyond,₹4943.00,In stock,4
Frostbite (Vampire Academy #2),₹2999.00,In stock,5
Follow You Home,₹2136.00,In stock,1
First Steps for New Christians (Print Edition),₹2900.00,In stock,1
Finders Keepers (Bill Hodges Trilogy #2),₹5353.00,In stock,5
"Fables, Vol. 1: Legends in Exile (Fables #1)",₹4162.00,In stock,4
Eureka Trivia 6.0,₹5459.00,In stock,4
Drive: The Surprising Truth About What Motivates Us,₹3495.00,In stock,4
Done Rubbed Out (Reightman & Bailey #1),₹3772.00,In stock,5
Doing It Over (Most Likely To #1),₹3561.00,In stock,3
"Deliciously Ella Every Day: Quick and Easy Recipes for Gluten-Free Snacks, Packed Lunches, and Simple Meals",₹4216.00,In stock,3
